{
  "PIT": {
    "Central Asia": 0.593372093,
    "Eastern Asia": 0.534795326,
    "South-eastern Asia": 0.353168771,
    "Southern Asia": 0.434424242,
    "Western Asia": 0.47808507,
    "Northern Africa": 0.466255177,
    "Eastern Africa": 0.377396304,
    "Middle Africa": 0.183121043,
    "Southern Africa": 0.349754386,
    "Western Africa": 0.278669546,
    "Eastern Europe": 0.444533739,
    "Northern Europe": 0.388983282,
    "Southern Europe": 0.568841481,
    "Western Europe": 0.536633177,
    "Caribbean": 0.558382888,
    "Central America": 0.558382888,
    "South America": 0.511598431,
    "Northern America": 0.540319782,
    "Australia and New Zealand": 0.415853527,
    "Melanesia": 0.415853527,
    "Micronesia": 0.415853527,
    "Polynesia": 0.415853527
    },
"MAN": {
  "Central Asia": 1.483430233,
  "Eastern Asia": 1.336988314,
  "South-eastern Asia": 0.882921928,
  "Southern Asia": 1.086060606,
  "Western Asia": 1.195212675,
  "Northern Africa": 1.165637943,
  "Eastern Africa": 0.94349076,
  "Middle Africa": 0.457802607,
  "Southern Africa": 0.874385965,
  "Western Africa": 0.696673866,
  "Eastern Europe": 1.111334348,
  "Northern Europe": 0.972458204,
  "Southern Europe": 1.422103704,
  "Western Europe": 1.341582943,
  "Caribbean": 1.395957219,
  "Central America": 1.395957219,
  "South America": 1.278996078,
  "Northern America": 1.350799454,
  "Australia and New Zealand": 1.039633818,
  "Melanesia": 1.039633818,
  "Micronesia": 1.039633818,
  "Polynesia":1.039633818 
  },
"BUR": {
  "Central Asia":  0.473127198,
  "Eastern Asia":  0.438514375,
  "South-eastern Asia":  0.619890163,
  "Southern Asia":  0.646228379,
  "Western Asia":  0.840818986,
  "Northern Africa":  0.766388939,
  "Eastern Africa":  0.566723241,
  "Middle Africa":  0.460828346,
  "Southern Africa":  0.885341017,
  "Western Africa":  0.519762315,
  "Eastern Europe":  0.398898976,
  "Northern Europe":  0.397307221,
  "Southern Europe":  0.66982427,
  "Western Europe":  0.871221798,
  "Caribbean":  0.74856185,
  "Central America":  0.74856185,
  "South America":  0.852527555,
  "Northern America":  0.641959112,
  "Australia and New Zealand":  0.505745781,
  "Melanesia":  0.505745781,
  "Micronesia": 0.505745781,
  "Polynesia": 0.505745781
  }
}















































































